ps_number,date,ideas
SIH26001,2026-08-22,0
SIH26002,2026-08-22,0
SIH26003,2026-08-22,0
SIH26004,2026-08-22,0
SIH26005,2026-08-22,0
SIH26006,2026-08-22,0
SIH26007,2026-08-22,0
SIH26008,2026-08-22,0
SIH26009,2026-08-22,0
SIH26010,2026-08-22,0
SIH26011,2026-08-22,0
SIH26012,2026-08-22,0
SIH26013,2026-08-22,0
SIH26014,2026-08-22,0
SIH26015,2026-08-22,0
SIH26016,2026-08-22,0
SIH26017,2026-08-22,0
SIH26018,2026-08-22,0
SIH26019,2026-08-22,0
SIH26020,2026-08-22,0
SIH26021,2026-08-22,0
SIH26022,2026-08-22,0
SIH26023,2026-08-22,0
SIH26024,2026-08-22,0
SIH26025,2026-08-22,0
SIH26026,2026-08-22,0
SIH26027,2026-08-22,0
SIH26028,2026-08-22,0
SIH26029,2026-08-22,0
SIH26030,2026-08-22,0
SIH26031,2026-08-22,0
SIH26032,2026-08-22,0
SIH26033,2026-08-22,0
SIH26034,2026-08-22,0
SIH26035,2026-08-22,0
SIH26036,2026-08-22,0
SIH26037,2026-08-22,0
SIH26038,2026-08-22,0
SIH26039,2026-08-22,0
SIH26040,2026-08-22,0
SIH26041,2026-08-22,0
SIH26042,2026-08-22,0
SIH26043,2026-08-22,0
SIH26044,2026-08-22,0
SIH26045,2026-08-22,0
SIH26046,2026-08-22,0
SIH26047,2026-08-22,0
SIH26048,2026-08-22,0
SIH26049,2026-08-22,0
SIH26050,2026-08-22,0
SIH26051,2026-08-22,0
SIH26052,2026-08-22,0
SIH26053,2026-08-22,0
SIH26054,2026-08-22,0
SIH26055,2026-08-22,0
SIH26056,2026-08-22,0
SIH26057,2026-08-22,0
SIH26058,2026-08-22,0
SIH26059,2026-08-22,0
SIH26060,2026-08-22,0
SIH26061,2026-08-22,0
SIH26062,2026-08-22,0
SIH26063,2026-08-22,0
SIH26064,2026-08-22,0
SIH26065,2026-08-22,0
SIH26066,2026-08-22,0
SIH26067,2026-08-22,0
SIH26068,2026-08-22,0
SIH26069,2026-08-22,0
SIH26070,2026-08-22,0
SIH26071,2026-08-22,0
SIH26072,2026-08-22,0
SIH26073,2026-08-22,0
SIH26074,2026-08-22,0
SIH26075,2026-08-22,0
SIH26076,2026-08-22,0
SIH26077,2026-08-22,0
SIH26078,2026-08-22,0
SIH26079,2026-08-22,0
SIH26080,2026-08-22,0
SIH26081,2026-08-22,0
SIH26082,2026-08-22,0
SIH26083,2026-08-22,0
SIH26084,2026-08-22,0
SIH26085,2026-08-22,0
SIH26086,2026-08-22,0
SIH26087,2026-08-22,0
SIH26088,2026-08-22,0
SIH26089,2026-08-22,0
SIH26090,2026-08-22,0
SIH26091,2026-08-22,0
SIH26092,2026-08-22,0
SIH26093,2026-08-22,0
SIH26094,2026-08-22,0
SIH26095,2026-08-22,0
SIH26096,2026-08-22,0
SIH26097,2026-08-22,0
SIH26098,2026-08-22,0
SIH26099,2026-08-22,0
SIH26100,2026-08-22,0
SIH26101,2026-08-22,0
SIH26102,2026-08-22,0
SIH26103,2026-08-22,0
SIH26104,2026-08-22,0
SIH26105,2026-08-22,0
SIH26106,2026-08-22,0
SIH26107,2026-08-22,0
SIH26108,2026-08-22,0
SIH26109,2026-08-22,0
SIH26110,2026-08-22,0
SIH26111,2026-08-22,0
SIH26112,2026-08-22,0
SIH26113,2026-08-22,0
SIH26114,2026-08-22,0
SIH26115,2026-08-22,0
SIH26116,2026-08-22,0
SIH26117,2026-08-22,0
SIH26118,2026-08-22,0
SIH26119,2026-08-22,0
SIH26120,2026-08-22,0
SIH26121,2026-08-22,0
SIH26122,2026-08-22,0
SIH26123,2026-08-22,0
SIH26124,2026-08-22,0
SIH26125,2026-08-22,0
SIH26126,2026-08-22,0
SIH26127,2026-08-22,0
SIH26128,2026-08-22,0
SIH26129,2026-08-22,0
SIH26130,2026-08-22,0
SIH26131,2026-08-22,0
SIH26132,2026-08-22,0
SIH26133,2026-08-22,0
SIH26134,2026-08-22,0
SIH26135,2026-08-22,0
SIH26136,2026-08-22,0
SIH26137,2026-08-22,0
SIH26138,2026-08-22,0
SIH26139,2026-08-22,0
SIH26140,2026-08-22,0
SIH26141,2026-08-22,0
SIH26142,2026-08-22,0
SIH26143,2026-08-22,0
SIH26144,2026-08-22,0
SIH26145,2026-08-22,0
SIH26146,2026-08-22,0
SIH26147,2026-08-22,0
SIH26148,2026-08-22,0
SIH26149,2026-08-22,0
SIH26150,2026-08-22,0
SIH26151,2026-08-22,0
SIH26152,2026-08-22,0
SIH26153,2026-08-22,0
SIH26154,2026-08-22,0
SIH26155,2026-08-22,0
SIH26156,2026-08-22,0
SIH26157,2026-08-22,0
SIH26158,2026-08-22,0
SIH26159,2026-08-22,0
SIH26160,2026-08-22,0
SIH26161,2026-08-22,0
SIH26162,2026-08-22,0
SIH26163,2026-08-22,0
SIH26164,2026-08-22,0
SIH26165,2026-08-22,0
SIH26166,2026-08-22,0
SIH26167,2026-08-22,0
SIH26168,2026-08-22,0
SIH26169,2026-08-22,0
SIH26170,2026-08-22,0
SIH26171,2026-08-22,0
SIH26172,2026-08-22,0
SIH26173,2026-08-22,0
SIH26174,2026-08-22,0
SIH26175,2026-08-22,0
SIH26176,2026-08-22,0
SIH26177,2026-08-22,0
SIH26178,2026-08-22,0
SIH26179,2026-08-22,0
SIH26180,2026-08-22,0
SIH26181,2026-08-22,0
SIH26182,2026-08-22,0
SIH26183,2026-08-22,0
SIH26184,2026-08-22,0
SIH26185,2026-08-22,0
SIH26186,2026-08-22,0
SIH26187,2026-08-22,0
SIH26188,2026-08-22,0
SIH26189,2026-08-22,0
SIH26190,2026-08-22,0
SIH26191,2026-08-22,0
SIH26192,2026-08-22,0
SIH26193,2026-08-22,0
SIH26194,2026-08-22,0
SIH26195,2026-08-22,0
SIH26196,2026-08-22,0
SIH26197,2026-08-22,0
SIH26198,2026-08-22,0
SIH26199,2026-08-22,0
SIH26200,2026-08-22,0
SIH26201,2026-08-22,0
SIH26202,2026-08-22,0
SIH26203,2026-08-22,0
SIH26204,2026-08-22,0
SIH26205,2026-08-22,0
SIH26206,2026-08-22,0
SIH26207,2026-08-22,0
SIH26208,2026-08-22,0
SIH26209,2026-08-22,0
SIH26210,2026-08-22,0
SIH26211,2026-08-22,0
SIH26212,2026-08-22,0
SIH26213,2026-08-22,0
SIH26214,2026-08-22,0
SIH26215,2026-08-22,0
SIH26216,2026-08-22,0
SIH26217,2026-08-22,0
SIH26218,2026-08-22,0
SIH26219,2026-08-22,0
SIH26220,2026-08-22,0
SIH26221,2026-08-22,0
SIH26222,2026-08-22,0
SIH26223,2026-08-22,0
SIH26224,2026-08-22,0
SIH26225,2026-08-22,0
SIH26226,2026-08-22,0
SIH26227,2026-08-24,0
SIH26228,2026-08-24,0
